Timestamp,Systolic_mmHg,Diastolic_mmHg,Pulse_BPM
2022-01-05 08:00,118,78,72
2022-01-12 08:15,121,80,74
2022-01-20 09:00,116,76,70
2022-02-03 08:30,120,79,73
2022-02-15 09:15,124,82,76
2022-03-02 08:00,117,77,71
2022-03-18 09:30,122,81,75
2022-04-05 08:45,119,78,72
2022-04-21 10:00,125,83,77
2022-05-07 08:30,116,75,69
2022-05-23 09:00,120,80,73
2022-06-10 08:15,123,81,74
2022-06-28 09:45,118,77,70
2022-07-12 08:00,121,79,72
2022-07-26 09:15,126,84,78
2022-08-08 08:30,117,76,71
2022-08-24 10:15,120,78,73
2022-09-06 09:00,122,80,75
2022-09-22 08:45,119,77,70
2022-10-05 10:00,118,78,72
2022-10-19 09:30,124,81,76
2022-11-04 08:15,121,79,73
2022-11-18 09:45,117,76,70
2022-12-03 08:30,120,80,74
2022-12-20 10:00,123,82,75
